RelativeIntensity,FragmentMz,ModifiedPeptide,LabeledPeptide,StrippedPeptide,PrecursorCharge,PrecursorMz,iRT,proteotypicity,FragmentNumber,FragmentType,FragmentCharge,FragmentLossType
0.44848627,147.11281,_NTINHNLNDDDEDK_,NTINHNLNDDDEDK,NTINHNLNDDDEDK,2,828.8584369301051,-7.990406036376953,4.229495525360107,1,y,1,noloss
0.0,74.06004,_NTINHNLNDDDEDK_,NTINHNLNDDDEDK,NTINHNLNDDDEDK,2,828.8584369301051,-7.990406036376953,4.229495525360107,1,y,2,noloss
0.0,115.0502,_NTINHNLNDDDEDK_,NTINHNLNDDDEDK,NTINHNLNDDDEDK,2,828.8584369301051,-7.990406036376953,4.229495525360107,1,b,1,noloss
0.0,58.02874,_NTINHNLNDDDEDK_,NTINHNLNDDDEDK,NTINHNLNDDDEDK,2,828.8584369301051,-7.990406036376953,4.229495525360107,1,b,2,noloss
0.8017707,262.13974,_NTINHNLNDDDEDK_,NTINHNLNDDDEDK,NTINHNLNDDDEDK,2,828.8584369301051,-7.990406036376953,4.229495525360107,2,y,1,noloss
0.0,131.57352,_NTINHNLNDDDEDK_,NTINHNLNDDDEDK,NTINHNLNDDDEDK,2,828.8584369301051,-7.990406036376953,4.229495525360107,2,y,2,noloss
0.7844411,216.09789,_NTINHNLNDDDEDK_,NTINHNLNDDDEDK,NTINHNLNDDDEDK,2,828.8584369301051,-7.990406036376953,4.229495525360107,2,b,1,noloss
0.0,108.55258,_NTINHNLNDDDEDK_,NTINHNLNDDDEDK,NTINHNLNDDDEDK,2,828.8584369301051,-7.990406036376953,4.229495525360107,2,b,2,noloss
0.45272386,391.18234,_NTINHNLNDDDEDK_,NTINHNLNDDDEDK,NTINHNLNDDDEDK,2,828.8584369301051,-7.990406036376953,4.229495525360107,3,y,1,noloss
0.0,196.0948,_NTINHNLNDDDEDK_,NTINHNLNDDDEDK,NTINHNLNDDDEDK,2,828.8584369301051,-7.990406036376953,4.229495525360107,3,y,2,noloss
0.39689818,329.18195,_NTINHNLNDDDEDK_,NTINHNLNDDDEDK,NTINHNLNDDDEDK,2,828.8584369301051,-7.990406036376953,4.229495525360107,3,b,1,noloss
0.0,165.0946,_NTINHNLNDDDEDK_,NTINHNLNDDDEDK,NTINHNLNDDDEDK,2,828.8584369301051,-7.990406036376953,4.229495525360107,3,b,2,noloss
0.62682676,506.2093,_NTINHNLNDDDEDK_,NTINHNLNDDDEDK,NTINHNLNDDDEDK,2,828.8584369301051,-7.990406036376953,4.229495525360107,4,y,1,noloss
0.0,253.60828,_NTINHNLNDDDEDK_,NTINHNLNDDDEDK,NTINHNLNDDDEDK,2,828.8584369301051,-7.990406036376953,4.229495525360107,4,y,2,noloss
0.16263303,443.22488,_NTINHNLNDDDEDK_,NTINHNLNDDDEDK,NTINHNLNDDDEDK,2,828.8584369301051,-7.990406036376953,4.229495525360107,4,b,1,noloss
0.0,222.11607,_NTINHNLNDDDEDK_,NTINHNLNDDDEDK,NTINHNLNDDDEDK,2,828.8584369301051,-7.990406036376953,4.229495525360107,4,b,2,noloss
0.558369,621.2362,_NTINHNLNDDDEDK_,NTINHNLNDDDEDK,NTINHNLNDDDEDK,2,828.8584369301051,-7.990406036376953,4.229495525360107,5,y,1,noloss
0.0,311.12177,_NTINHNLNDDDEDK_,NTINHNLNDDDEDK,NTINHNLNDDDEDK,2,828.8584369301051,-7.990406036376953,4.229495525360107,5,y,2,noloss
0.35205916,580.2838,_NTINHNLNDDDEDK_,NTINHNLNDDDEDK,NTINHNLNDDDEDK,2,828.8584369301051,-7.990406036376953,4.229495525360107,5,b,1,noloss
0.0,290.64554,_NTINHNLNDDDEDK_,NTINHNLNDDDEDK,NTINHNLNDDDEDK,2,828.8584369301051,-7.990406036376953,4.229495525360107,5,b,2,noloss
0.31096724,736.2632,_NTINHNLNDDDEDK_,NTINHNLNDDDEDK,NTINHNLNDDDEDK,2,828.8584369301051,-7.990406036376953,4.229495525360107,6,y,1,noloss
0.0,368.63522,_NTINHNLNDDDEDK_,NTINHNLNDDDEDK,NTINHNLNDDDEDK,2,828.8584369301051,-7.990406036376953,4.229495525360107,6,y,2,noloss
0.32849506,694.3267,_NTINHNLNDDDEDK_,NTINHNLNDDDEDK,NTINHNLNDDDEDK,2,828.8584369301051,-7.990406036376953,4.229495525360107,6,b,1,noloss
0.0,347.667,_NTINHNLNDDDEDK_,NTINHNLNDDDEDK,NTINHNLNDDDEDK,2,828.8584369301051,-7.990406036376953,4.229495525360107,6,b,2,noloss
0.53219754,850.3061,_NTINHNLNDDDEDK_,NTINHNLNDDDEDK,NTINHNLNDDDEDK,2,828.8584369301051,-7.990406036376953,4.229495525360107,7,y,1,noloss
0.0,425.65668,_NTINHNLNDDDEDK_,NTINHNLNDDDEDK,NTINHNLNDDDEDK,2,828.8584369301051,-7.990406036376953,4.229495525360107,7,y,2,noloss
0.30491,807.41077,_NTINHNLNDDDEDK_,NTINHNLNDDDEDK,NTINHNLNDDDEDK,2,828.8584369301051,-7.990406036376953,4.229495525360107,7,b,1,noloss
0.0,404.209,_NTINHNLNDDDEDK_,NTINHNLNDDDEDK,NTINHNLNDDDEDK,2,828.8584369301051,-7.990406036376953,4.229495525360107,7,b,2,noloss
0.52316034,963.39014,_NTINHNLNDDDEDK_,NTINHNLNDDDEDK,NTINHNLNDDDEDK,2,828.8584369301051,-7.990406036376953,4.229495525360107,8,y,1,noloss
0.0,482.19873,_NTINHNLNDDDEDK_,NTINHNLNDDDEDK,NTINHNLNDDDEDK,2,828.8584369301051,-7.990406036376953,4.229495525360107,8,y,2,noloss
0.15843268,921.4537,_NTINHNLNDDDEDK_,NTINHNLNDDDEDK,NTINHNLNDDDEDK,2,828.8584369301051,-7.990406036376953,4.229495525360107,8,b,1,noloss
0.0,461.2305,_NTINHNLNDDDEDK_,NTINHNLNDDDEDK,NTINHNLNDDDEDK,2,828.8584369301051,-7.990406036376953,4.229495525360107,8,b,2,noloss
0.9510832,1077.4331,_NTINHNLNDDDEDK_,NTINHNLNDDDEDK,NTINHNLNDDDEDK,2,828.8584369301051,-7.990406036376953,4.229495525360107,9,y,1,noloss
0.0,539.22015,_NTINHNLNDDDEDK_,NTINHNLNDDDEDK,NTINHNLNDDDEDK,2,828.8584369301051,-7.990406036376953,4.229495525360107,9,y,2,noloss
0.3120207,1036.4806,_NTINHNLNDDDEDK_,NTINHNLNDDDEDK,NTINHNLNDDDEDK,2,828.8584369301051,-7.990406036376953,4.229495525360107,9,b,1,noloss
0.0,518.74396,_NTINHNLNDDDEDK_,NTINHNLNDDDEDK,NTINHNLNDDDEDK,2,828.8584369301051,-7.990406036376953,4.229495525360107,9,b,2,noloss
0.7485019,1214.492,_NTINHNLNDDDEDK_,NTINHNLNDDDEDK,NTINHNLNDDDEDK,2,828.8584369301051,-7.990406036376953,4.229495525360107,10,y,1,noloss
0.46928024,607.74963,_NTINHNLNDDDEDK_,NTINHNLNDDDEDK,NTINHNLNDDDEDK,2,828.8584369301051,-7.990406036376953,4.229495525360107,10,y,2,noloss
0.3297919,1151.5076,_NTINHNLNDDDEDK_,NTINHNLNDDDEDK,NTINHNLNDDDEDK,2,828.8584369301051,-7.990406036376953,4.229495525360107,10,b,1,noloss
0.010341019,576.25745,_NTINHNLNDDDEDK_,NTINHNLNDDDEDK,NTINHNLNDDDEDK,2,828.8584369301051,-7.990406036376953,4.229495525360107,10,b,2,noloss
1.0,1328.5349,_NTINHNLNDDDEDK_,NTINHNLNDDDEDK,NTINHNLNDDDEDK,2,828.8584369301051,-7.990406036376953,4.229495525360107,11,y,1,noloss
0.7850208,664.7711,_NTINHNLNDDDEDK_,NTINHNLNDDDEDK,NTINHNLNDDDEDK,2,828.8584369301051,-7.990406036376953,4.229495525360107,11,y,2,noloss
0.33214426,1266.5345,_NTINHNLNDDDEDK_,NTINHNLNDDDEDK,NTINHNLNDDDEDK,2,828.8584369301051,-7.990406036376953,4.229495525360107,11,b,1,noloss
0.063015126,633.77094,_NTINHNLNDDDEDK_,NTINHNLNDDDEDK,NTINHNLNDDDEDK,2,828.8584369301051,-7.990406036376953,4.229495525360107,11,b,2,noloss
0.14616634,1441.619,_NTINHNLNDDDEDK_,NTINHNLNDDDEDK,NTINHNLNDDDEDK,2,828.8584369301051,-7.990406036376953,4.229495525360107,12,y,1,noloss
0.8875973,721.3131,_NTINHNLNDDDEDK_,NTINHNLNDDDEDK,NTINHNLNDDDEDK,2,828.8584369301051,-7.990406036376953,4.229495525360107,12,y,2,noloss
0.31655797,1395.5771,_NTINHNLNDDDEDK_,NTINHNLNDDDEDK,NTINHNLNDDDEDK,2,828.8584369301051,-7.990406036376953,4.229495525360107,12,b,1,noloss
0.014392196,698.2922,_NTINHNLNDDDEDK_,NTINHNLNDDDEDK,NTINHNLNDDDEDK,2,828.8584369301051,-7.990406036376953,4.229495525360107,12,b,2,noloss
0.0,1542.6666,_NTINHNLNDDDEDK_,NTINHNLNDDDEDK,NTINHNLNDDDEDK,2,828.8584369301051,-7.990406036376953,4.229495525360107,13,y,1,noloss
0.3974086,771.837,_NTINHNLNDDDEDK_,NTINHNLNDDDEDK,NTINHNLNDDDEDK,2,828.8584369301051,-7.990406036376953,4.229495525360107,13,y,2,noloss
0.2452926,1510.6041,_NTINHNLNDDDEDK_,NTINHNLNDDDEDK,NTINHNLNDDDEDK,2,828.8584369301051,-7.990406036376953,4.229495525360107,13,b,1,noloss
0.06880472,755.80566,_NTINHNLNDDDEDK_,NTINHNLNDDDEDK,NTINHNLNDDDEDK,2,828.8584369301051,-7.990406036376953,4.229495525360107,13,b,2,noloss
